{
    "name": "root",
    "gauges": {
        "Cat.Policy.Entropy.mean": {
            "value": 0.2165820449590683,
            "min": 0.2165820300579071,
            "max": 0.23804546892642975,
            "count": 48
        },
        "Cat.Policy.Entropy.sum": {
            "value": 4355.89794921875,
            "min": 4233.74560546875,
            "max": 4821.556640625,
            "count": 48
        },
        "Cat.Step.mean": {
            "value": 959982.0,
            "min": 19996.0,
            "max": 959982.0,
            "count": 48
        },
        "Cat.Step.sum": {
            "value": 959982.0,
            "min": 19996.0,
            "max": 959982.0,
            "count": 48
        },
        "Cat.Policy.ExtrinsicValueEstimate.mean": {
            "value": -5.125076770782471,
            "min": -5.150183200836182,
            "max": -4.077817916870117,
            "count": 48
        },
        "Cat.Policy.ExtrinsicValueEstimate.sum": {
            "value": -1711.775634765625,
            "min": -1730.900634765625,
            "max": -1357.913330078125,
            "count": 48
        },
        "Cat.Environment.EpisodeLength.mean": {
            "value": 299.0,
            "min": 278.2307692307692,
            "max": 299.2,
            "count": 48
        },
        "Cat.Environment.EpisodeLength.sum": {
            "value": 20631.0,
            "min": 17790.0,
            "max": 21702.0,
            "count": 48
        },
        "Cat.Environment.CumulativeReward.mean": {
            "value": -22.92975988595382,
            "min": -23.772799997618705,
            "max": -21.35188549418341,
            "count": 48
        },
        "Cat.Environment.CumulativeReward.sum": {
            "value": -1582.1534321308136,
            "min": -1695.5171774625778,
            "max": -1397.689029932022,
            "count": 48
        },
        "Cat.Policy.ExtrinsicReward.mean": {
            "value": -22.92975988595382,
            "min": -23.772799997618705,
            "max": -21.35188549418341,
            "count": 48
        },
        "Cat.Policy.ExtrinsicReward.sum": {
            "value": -1582.1534321308136,
            "min": -1695.5171774625778,
            "max": -1397.689029932022,
            "count": 48
        },
        "Cat.IsTraining.mean": {
            "value": 1.0,
            "min": 1.0,
            "max": 1.0,
            "count": 48
        },
        "Cat.IsTraining.sum": {
            "value": 1.0,
            "min": 1.0,
            "max": 1.0,
            "count": 48
        },
        "Cat.Losses.PolicyLoss.mean": {
            "value": 0.023248182431461827,
            "min": 0.021894488181283124,
            "max": 0.02407167212904824,
            "count": 9
        },
        "Cat.Losses.PolicyLoss.sum": {
            "value": 0.023248182431461827,
            "min": 0.021894488181283124,
            "max": 0.02407167212904824,
            "count": 9
        },
        "Cat.Losses.ValueLoss.mean": {
            "value": 0.7815297836437821,
            "min": 0.6811350911855698,
            "max": 0.8126507919281721,
            "count": 9
        },
        "Cat.Losses.ValueLoss.sum": {
            "value": 0.7815297836437821,
            "min": 0.6811350911855698,
            "max": 0.8126507919281721,
            "count": 9
        },
        "Cat.Policy.LearningRate.mean": {
            "value": 9.399368600632001e-05,
            "min": 9.399368600632001e-05,
            "max": 9.933198066801999e-05,
            "count": 9
        },
        "Cat.Policy.LearningRate.sum": {
            "value": 9.399368600632001e-05,
            "min": 9.399368600632001e-05,
            "max": 9.933198066801999e-05,
            "count": 9
        },
        "Cat.Policy.Epsilon.mean": {
            "value": 0.24099052000000004,
            "min": 0.24099052000000004,
            "max": 0.24899796999999996,
            "count": 9
        },
        "Cat.Policy.Epsilon.sum": {
            "value": 0.24099052000000004,
            "min": 0.24099052000000004,
            "max": 0.24899796999999996,
            "count": 9
        },
        "Cat.Policy.Beta.mean": {
            "value": 0.004700284632,
            "min": 0.004700284632,
            "max": 0.004966665802000001,
            "count": 9
        },
        "Cat.Policy.Beta.sum": {
            "value": 0.004700284632,
            "min": 0.004700284632,
            "max": 0.004966665802000001,
            "count": 9
        },
        "Mouse.Policy.Entropy.mean": {
            "value": 1.0852802991867065,
            "min": 1.0852802991867065,
            "max": 1.0954549312591553,
            "count": 48
        },
        "Mouse.Policy.Entropy.sum": {
            "value": 21476.611328125,
            "min": 21354.046875,
            "max": 22218.30078125,
            "count": 48
        },
        "Mouse.Environment.EpisodeLength.mean": {
            "value": 286.6166666666667,
            "min": 274.84057971014494,
            "max": 299.04347826086956,
            "count": 48
        },
        "Mouse.Environment.EpisodeLength.sum": {
            "value": 17197.0,
            "min": 17116.0,
            "max": 22131.0,
            "count": 48
        },
        "Mouse.Step.mean": {
            "value": 959995.0,
            "min": 19992.0,
            "max": 959995.0,
            "count": 48
        },
        "Mouse.Step.sum": {
            "value": 959995.0,
            "min": 19992.0,
            "max": 959995.0,
            "count": 48
        },
        "Mouse.Policy.ExtrinsicValueEstimate.mean": {
            "value": 21.676437377929688,
            "min": 21.31998634338379,
            "max": 24.95189094543457,
            "count": 48
        },
        "Mouse.Policy.ExtrinsicValueEstimate.sum": {
            "value": 7174.90087890625,
            "min": 7142.1953125,
            "max": 8408.787109375,
            "count": 48
        },
        "Mouse.Environment.CumulativeReward.mean": {
            "value": 85.7088011900584,
            "min": 81.91953366217406,
            "max": 89.49908290969,
            "count": 48
        },
        "Mouse.Environment.CumulativeReward.sum": {
            "value": 5142.528071403503,
            "min": 5108.671757221222,
            "max": 6607.681433916092,
            "count": 48
        },
        "Mouse.Policy.ExtrinsicReward.mean": {
            "value": 85.7088011900584,
            "min": 81.91953366217406,
            "max": 89.49908290969,
            "count": 48
        },
        "Mouse.Policy.ExtrinsicReward.sum": {
            "value": 5142.528071403503,
            "min": 5108.671757221222,
            "max": 6607.681433916092,
            "count": 48
        },
        "Mouse.IsTraining.mean": {
            "value": 1.0,
            "min": 1.0,
            "max": 1.0,
            "count": 48
        },
        "Mouse.IsTraining.sum": {
            "value": 1.0,
            "min": 1.0,
            "max": 1.0,
            "count": 48
        },
        "Mouse.Losses.PolicyLoss.mean": {
            "value": 0.017039305908838287,
            "min": 0.016595011066480463,
            "max": 0.019249149732786464,
            "count": 9
        },
        "Mouse.Losses.PolicyLoss.sum": {
            "value": 0.017039305908838287,
            "min": 0.016595011066480463,
            "max": 0.019249149732786464,
            "count": 9
        },
        "Mouse.Losses.ValueLoss.mean": {
            "value": 12.062606578071913,
            "min": 12.059864098827044,
            "max": 14.892673845092455,
            "count": 9
        },
        "Mouse.Losses.ValueLoss.sum": {
            "value": 12.062606578071913,
            "min": 12.059864098827044,
            "max": 14.892673845092455,
            "count": 9
        },
        "Mouse.Policy.LearningRate.mean": {
            "value": 9.39951726715e-05,
            "min": 9.39951726715e-05,
            "max": 9.933257400076004e-05,