{
    "name": "root",
    "gauges": {
        "Mouse2.Policy.Entropy.mean": {
            "value": 1.4189382791519165,
            "min": 1.4189382791519165,
            "max": 1.4189382791519165,
            "count": 1
        },
        "Mouse2.Policy.Entropy.sum": {
            "value": 29076.8828125,
            "min": 29076.8828125,
            "max": 29076.8828125,
            "count": 1
        },
        "Mouse2.Environment.EpisodeLength.mean": {
            "value": 0.0,
            "min": 0.0,
            "max": 0.0,
            "count": 1
        },
        "Mouse2.Environment.EpisodeLength.sum": {
            "value": 0.0,
            "min": 0.0,
            "max": 0.0,
            "count": 1
        },
        "Mouse2.Step.mean": {
            "value": 19970.0,
            "min": 19970.0,
            "max": 19970.0,
            "count": 1
        },
        "Mouse2.Step.sum": {
            "value": 19970.0,
            "min": 19970.0,
            "max": 19970.0,
            "count": 1
        },
        "Mouse2.Policy.ExtrinsicValueEstimate.mean": {
            "value": -0.1343659907579422,
            "min": -0.1343659907579422,
            "max": -0.1343659907579422,
            "count": 1
        },
        "Mouse2.Policy.ExtrinsicValueEstimate.sum": {
            "value": -42.190921783447266,
            "min": -42.190921783447266,
            "max": -42.190921783447266,
            "count": 1
        },
        "Mouse2.Environment.CumulativeReward.mean": {
            "value": -2.0001882314682007,
            "min": -2.0001882314682007,
            "max": -2.0001882314682007,
            "count": 1
        },
        "Mouse2.Environment.CumulativeReward.sum": {
            "value": -4.000376462936401,
            "min": -4.000376462936401,
            "max": -4.000376462936401,
            "count": 1
        },
        "Mouse2.Policy.ExtrinsicReward.mean": {
            "value": -2.0001882314682007,
            "min": -2.0001882314682007,
            "max": -2.0001882314682007,
            "count": 1
        },
        "Mouse2.Policy.ExtrinsicReward.sum": {
            "value": -4.000376462936401,
            "min": -4.000376462936401,
            "max": -4.000376462936401,
            "count": 1
        },
        "Mouse2.IsTraining.mean": {
            "value": 1.0,
            "min": 1.0,
            "max": 1.0,
            "count": 1
        },
        "Mouse2.IsTraining.sum": {
            "value": 1.0,
            "min": 1.0,
            "max": 1.0,
            "count": 1
        },
        "Cat1.Policy.Entropy.mean": {
            "value": 1.418938398361206,
            "min": 1.418938398361206,
            "max": 1.418938398361206,
            "count": 1
        },
        "Cat1.Policy.Entropy.sum": {
            "value": 29423.10546875,
            "min": 29423.10546875,
            "max": 29423.10546875,
            "count": 1
        },
        "Cat1.Step.mean": {
            "value": 19968.0,
            "min": 19968.0,
            "max": 19968.0,
            "count": 1
        },
        "Cat1.Step.sum": {
            "value": 19968.0,
            "min": 19968.0,
            "max": 19968.0,
            "count": 1
        },
        "Cat1.Policy.ExtrinsicValueEstimate.mean": {
            "value": 0.06815184652805328,
            "min": 0.06815184652805328,
            "max": 0.06815184652805328,
            "count": 1
        },
        "Cat1.Policy.ExtrinsicValueEstimate.sum": {
            "value": 21.263376235961914,
            "min": 21.263376235961914,
            "max": 21.263376235961914,
            "count": 1
        },
        "Cat1.IsTraining.mean": {
            "value": 1.0,
            "min": 1.0,
            "max": 1.0,
            "count": 1
        },
        "Cat1.IsTraining.sum": {
            "value": 1.0,
            "min": 1.0,
            "max": 1.0,
            "count": 1
        }
    },
    "metadata": {
        "timer_format_version": "0.1.0",
        "start_time_seconds": "1670702652",
        "python_version": "3.9.0 (tags/v3.9.0:9cf6752, Oct  5 2020, 15:34:40) [MSC v.1927 64 bit (AMD64)]",
        "command_line_arguments": "C:\\Users\\Alex\\python-envs\\mlAgent-env\\Scripts\\mlagents-learn 3v3.yaml --run-id=labyrinthPPO3",
        "mlagents_version": "0.30.0",
        "mlagents_envs_version": "0.30.0",
        "communication_protocol_version": "1.5.0",
        "pytorch_version": "1.7.1+cu110",
        "numpy_version": "1.21.2",
        "end_time_seconds": "1670702740"
    },
    "total": 88.58864,
    "count": 1,
    "self": 0.016857799999996814,
    "children": {
        "run_training.setup": {
            "total": 0.1353766999999999,
            "count": 1,
            "self": 0.1353766999999999
        },
        "TrainerController.start_learning": {
            "total": 88.4364055,
            "count": 1,
            "self": 0.07608810000019162,
            "children": {
                "TrainerController._reset_env": {
                    "total": 10.0913004,
                    "count": 1,
                    "self": 10.0913004
                },
                "TrainerController.advance": {
                    "total": 78.15984799999981,
                    "count": 2535,
                    "self": 0.032732299999850056,
                    "children": {
                        "env_step": {
                            "total": 78.12711569999996,
                            "count": 2535,
                            "self": 65.0223129000002,
                            "children": {
                                "SubprocessEnvManager._take_step": {
                                    "total": 13.074807099999877,
                                    "count": 2535,
                                    "self": 0.3462620000000616,
                                    "children": {
                                        "TorchPolicy.evaluate": {
                                            "total": 12.728545099999815,
                                            "count": 5068,
                                            "self": 12.728545099999815
                                        }
                                    }
                                },
                                "workers": {
                                    "total": 0.029995699999879832,
                                    "count": 2534,
                                    "self": 0.0,
                                    "children": {
                                        "worker_root": {
                                            "total": 50.893089200000105,
                                            "count": 2534,
                                            "is_parallel": true,
                                            "self": 19.465664599999947,
                                            "children": {
                                                "steps_from_proto": {
                                                    "total": 0.0009984999999996802,
                                                    "count": 2,
                                                    "is_parallel": true,
                                                    "self": 0.0001989000000026664,
                                                    "children": {
                                                        "_process_rank_one_or_two_observation": {
                                                            "total": 0.0007995999999970138,
                                                            "count": 10,
                                                            "is_parallel": true,
                                                            "self": 0.0007995999999970138
                                                        }
                                                    }
                                                },