{
    "name": "root",
    "gauges": {
        "Cat.Policy.Entropy.mean": {
            "value": 0.9670286178588867,
            "min": 0.9670285582542419,
            "max": 1.4189382791519165,
            "count": 158
        },
        "Cat.Policy.Entropy.sum": {
            "value": 19129.759765625,
            "min": 19129.759765625,
            "max": 28886.74609375,
            "count": 158
        },
        "Cat.Step.mean": {
            "value": 3159936.0,
            "min": 19968.0,
            "max": 3159936.0,
            "count": 158
        },
        "Cat.Step.sum": {
            "value": 3159936.0,
            "min": 19968.0,
            "max": 3159936.0,
            "count": 158
        },
        "Cat.Policy.ExtrinsicValueEstimate.mean": {
            "value": -6.584366321563721,
            "min": -7.104526519775391,
            "max": 0.11845318228006363,
            "count": 158
        },
        "Cat.Policy.ExtrinsicValueEstimate.sum": {
            "value": -2074.075439453125,
            "min": -2244.17333984375,
            "max": 36.957393646240234,
            "count": 158
        },
        "Cat.IsTraining.mean": {
            "value": 1.0,
            "min": 1.0,
            "max": 1.0,
            "count": 158
        },
        "Cat.IsTraining.sum": {
            "value": 1.0,
            "min": 1.0,
            "max": 1.0,
            "count": 158
        },
        "Cat.Environment.EpisodeLength.mean": {
            "value": 3999.0,
            "min": 3999.0,
            "max": 3999.0,
            "count": 131
        },
        "Cat.Environment.EpisodeLength.sum": {
            "value": 23994.0,
            "min": 23994.0,
            "max": 23994.0,
            "count": 131
        },
        "Cat.Environment.CumulativeReward.mean": {
            "value": -249.88644178708395,
            "min": -412.27394978205365,
            "max": -249.88644178708395,
            "count": 157
        },
        "Cat.Environment.CumulativeReward.sum": {
            "value": -1499.3186507225037,
            "min": -2473.643698692322,
            "max": -251.85264420509338,
            "count": 157
        },
        "Cat.Policy.ExtrinsicReward.mean": {
            "value": -249.88644178708395,
            "min": -412.27394978205365,
            "max": -249.88644178708395,
            "count": 157
        },
        "Cat.Policy.ExtrinsicReward.sum": {
            "value": -1499.3186507225037,
            "min": -2473.643698692322,
            "max": -251.85264420509338,
            "count": 157
        },
        "Cat.Losses.PolicyLoss.mean": {
            "value": 0.02383402454820498,
            "min": 0.02069154278146925,
            "max": 0.024535362719097974,
            "count": 31
        },
        "Cat.Losses.PolicyLoss.sum": {
            "value": 0.02383402454820498,
            "min": 0.02069154278146925,
            "max": 0.024535362719097974,
            "count": 31
        },
        "Cat.Losses.ValueLoss.mean": {
            "value": 0.008989103975181933,
            "min": 0.008299834531499073,
            "max": 0.2921581211034209,
            "count": 31
        },
        "Cat.Losses.ValueLoss.sum": {
            "value": 0.008989103975181933,
            "min": 0.008299834531499073,
            "max": 0.2921581211034209,
            "count": 31
        },
        "Cat.Policy.LearningRate.mean": {
            "value": 3.788038211968e-05,
            "min": 3.788038211968e-05,
            "max": 9.799552200448e-05,
            "count": 31
        },
        "Cat.Policy.LearningRate.sum": {
            "value": 3.788038211968e-05,
            "min": 3.788038211968e-05,
            "max": 9.799552200448e-05,
            "count": 31
        },
        "Cat.Policy.Epsilon.mean": {
            "value": 0.15682047999999998,
            "min": 0.15682047999999998,
            "max": 0.24699328,
            "count": 31
        },
        "Cat.Policy.Epsilon.sum": {
            "value": 0.15682047999999998,
            "min": 0.15682047999999998,
            "max": 0.24699328,
            "count": 31
        },
        "Cat.Policy.Beta.mean": {
            "value": 0.001900227968,
            "min": 0.001900227968,
            "max": 0.004899976447999999,
            "count": 31
        },
        "Cat.Policy.Beta.sum": {
            "value": 0.001900227968,
            "min": 0.001900227968,
            "max": 0.004899976447999999,
            "count": 31
        }
    },
    "metadata": {
        "timer_format_version": "0.1.0",
        "start_time_seconds": "1670530610",
        "python_version": "3.9.0 (tags/v3.9.0:9cf6752, Oct  5 2020, 15:34:40) [MSC v.1927 64 bit (AMD64)]",
        "command_line_arguments": "C:\\Users\\Alex\\python-envs\\mlAgent-env\\Scripts\\mlagents-learn CatEpsHigher.yaml --run-id=schroedingerMovementPenalty",
        "mlagents_version": "0.30.0",
        "mlagents_envs_version": "0.30.0",
        "communication_protocol_version": "1.5.0",
        "pytorch_version": "1.7.1+cu110",
        "numpy_version": "1.21.2",
        "end_time_seconds": "1670535439"
    },
    "total": 4828.9949891999995,
    "count": 1,
    "self": 0.005180899999686517,
    "children": {
        "run_training.setup": {
            "total": 0.1327628999999999,
            "count": 1,
            "self": 0.1327628999999999
        },
        "TrainerController.start_learning": {
            "total": 4828.8570454,
            "count": 1,
            "self": 11.590562500105989,
            "children": {
                "TrainerController._reset_env": {
                    "total": 7.046452400000001,
                    "count": 1,
                    "self": 7.046452400000001
                },
                "TrainerController.advance": {
                    "total": 4810.176692999894,
                    "count": 529832,
                    "self": 5.810195699871656,
                    "children": {
                        "env_step": {
                            "total": 4804.366497300022,
                            "count": 529832,
                            "self": 3612.357122300075,
                            "children": {
                                "SubprocessEnvManager._take_step": {
                                    "total": 1185.7195702999875,
                                    "count": 529832,
                                    "self": 29.09155849979925,
                                    "children": {
                                        "TorchPolicy.evaluate": {
                                            "total": 1156.6280118001882,
                                            "count": 529832,
                                            "self": 1156.6280118001882
                                        }
                                    }
                                },
                                "workers": {
                                    "total": 6.289804699959799,
                                    "count": 529832,
                                    "self": 0.0,
                                    "children": {
                                        "worker_root": {
                                            "total": 4809.226637599996,
                                            "count": 529832,
                                            "is_parallel": true,
                                            "self": 2283.8772884000523,
                                            "children": {
                                                "steps_from_proto": {
                                                    "total": 0.00039419999999967814,
                                                    "count": 1,
                                                    "is_parallel": true,
                                                    "self": 0.00010049999999939274,