{
    "name": "root",
    "gauges": {
        "Cat.Policy.Entropy.mean": {
            "value": 1.1302905082702637,
            "min": 1.1302905082702637,
            "max": 1.418346881866455,
            "count": 112
        },
        "Cat.Policy.Entropy.sum": {
            "value": 22366.189453125,
            "min": 22366.189453125,
            "max": 28866.1953125,
            "count": 112
        },
        "Cat.Step.mean": {
            "value": 2239936.0,
            "min": 19968.0,
            "max": 2239936.0,
            "count": 112
        },
        "Cat.Step.sum": {
            "value": 2239936.0,
            "min": 19968.0,
            "max": 2239936.0,
            "count": 112
        },
        "Cat.Policy.ExtrinsicValueEstimate.mean": {
            "value": -9.908587455749512,
            "min": -11.948594093322754,
            "max": -0.506544291973114,
            "count": 112
        },
        "Cat.Policy.ExtrinsicValueEstimate.sum": {
            "value": -3121.205078125,
            "min": -3768.00390625,
            "max": -158.0418243408203,
            "count": 112
        },
        "Cat.Losses.PolicyLoss.mean": {
            "value": 0.02488427894907848,
            "min": 0.016449124803784798,
            "max": 0.028110722545534372,
            "count": 112
        },
        "Cat.Losses.PolicyLoss.sum": {
            "value": 0.04976855789815696,
            "min": 0.017227246849264095,
            "max": 0.056221445091068745,
            "count": 112
        },
        "Cat.Losses.ValueLoss.mean": {
            "value": 0.013760252351251742,
            "min": 0.012001787525756907,
            "max": 1.8544954856236775,
            "count": 112
        },
        "Cat.Losses.ValueLoss.sum": {
            "value": 0.027520504702503484,
            "min": 0.01628058186421792,
            "max": 2.5780347374578314,
            "count": 112
        },
        "Cat.Policy.LearningRate.mean": {
            "value": 0.0001,
            "min": 0.0001,
            "max": 0.0001,
            "count": 112
        },
        "Cat.Policy.LearningRate.sum": {
            "value": 0.0002,
            "min": 0.0001,
            "max": 0.0002,
            "count": 112
        },
        "Cat.Policy.Epsilon.mean": {
            "value": 0.20000000000000004,
            "min": 0.20000000000000004,
            "max": 0.20000000000000004,
            "count": 112
        },
        "Cat.Policy.Epsilon.sum": {
            "value": 0.4000000000000001,
            "min": 0.20000000000000004,
            "max": 0.4000000000000001,
            "count": 112
        },
        "Cat.Policy.Beta.mean": {
            "value": 0.005,
            "min": 0.005,
            "max": 0.005,
            "count": 112
        },
        "Cat.Policy.Beta.sum": {
            "value": 0.01,
            "min": 0.005,
            "max": 0.01,
            "count": 112
        },
        "Cat.IsTraining.mean": {
            "value": 1.0,
            "min": 1.0,
            "max": 1.0,
            "count": 112
        },
        "Cat.IsTraining.sum": {
            "value": 1.0,
            "min": 1.0,
            "max": 1.0,
            "count": 112
        },
        "Cat.Environment.EpisodeLength.mean": {
            "value": 3999.0,
            "min": 3999.0,
            "max": 3999.0,
            "count": 93
        },
        "Cat.Environment.EpisodeLength.sum": {
            "value": 23994.0,
            "min": 23994.0,
            "max": 23994.0,
            "count": 93
        },
        "Cat.Environment.CumulativeReward.mean": {
            "value": -394.30570979913074,
            "min": -506.6073413292567,
            "max": -394.30570979913074,
            "count": 111
        },
        "Cat.Environment.CumulativeReward.sum": {
            "value": -2365.8342587947845,
            "min": -3039.64404797554,
            "max": -395.63236713409424,
            "count": 111
        },
        "Cat.Policy.ExtrinsicReward.mean": {
            "value": -394.30570979913074,
            "min": -506.6073413292567,
            "max": -394.30570979913074,
            "count": 111
        },
        "Cat.Policy.ExtrinsicReward.sum": {
            "value": -2365.8342587947845,
            "min": -3039.64404797554,
            "max": -395.63236713409424,
            "count": 111
        }
    },
    "metadata": {
        "timer_format_version": "0.1.0",
        "start_time_seconds": "1670588474",
        "python_version": "3.9.0 (tags/v3.9.0:9cf6752, Oct  5 2020, 15:34:40) [MSC v.1927 64 bit (AMD64)]",
        "command_line_arguments": "C:\\Users\\Alex\\python-envs\\mlAgent-env\\Scripts\\mlagents-learn CatEpsHigher.yaml --run-id=changedHyperparametersafterREwardChange",
        "mlagents_version": "0.30.0",
        "mlagents_envs_version": "0.30.0",
        "communication_protocol_version": "1.5.0",
        "pytorch_version": "1.7.1+cu110",
        "numpy_version": "1.21.2",
        "end_time_seconds": "1670592127"
    },
    "total": 3652.878039,
    "count": 1,
    "self": 10.007338800000525,
    "children": {
        "run_training.setup": {
            "total": 0.14071449999999985,
            "count": 1,
            "self": 0.14071449999999985
        },
        "TrainerController.start_learning": {
            "total": 3642.7299857,
            "count": 1,
            "self": 8.774803799989058,
            "children": {
                "TrainerController._reset_env": {
                    "total": 6.7207677,
                    "count": 1,
                    "self": 6.7207677
                },
                "TrainerController.advance": {
                    "total": 3627.1946931000107,
                    "count": 376644,
                    "self": 4.358687099968392,
                    "children": {
                        "env_step": {
                            "total": 3622.8360060000423,
                            "count": 376644,
                            "self": 2491.50262340006,
                            "children": {
                                "SubprocessEnvManager._take_step": {
                                    "total": 1126.7104321000156,
                                    "count": 376644,
                                    "self": 24.049091099993348,
                                    "children": {
                                        "TorchPolicy.evaluate": {
                                            "total": 1102.6613410000223,
                                            "count": 376644,
                                            "self": 1102.6613410000223
                                        }
                                    }
                                },
                                "workers": {
                                    "total": 4.622950499966532,
                                    "count": 376643,
                                    "self": 0.0,
                                    "children": {
                                        "worker_root": {
                                            "total": 3625.194868400255,
                                            "count": 376643,
                                            "is_parallel": true,
                                            "self": 1590.9837225002161,
                                            "children": {
                                                "steps_from_proto": {
                                                    "total": 0.0003982999999996295,
                                                    "count": 1,
                                                    "is_parallel": true,
                                                    "self": 0.00010390000000004562,