{
    "name": "root",
    "gauges": {
        "Cat.Policy.Entropy.mean": {
            "value": 1.1355630159378052,
            "min": 1.1355630159378052,
            "max": 1.4189382791519165,
            "count": 250
        },
        "Cat.Policy.Entropy.sum": {
            "value": 22463.70703125,
            "min": 22463.70703125,
            "max": 28886.74609375,
            "count": 250
        },
        "Cat.Step.mean": {
            "value": 4999936.0,
            "min": 19968.0,
            "max": 4999936.0,
            "count": 250
        },
        "Cat.Step.sum": {
            "value": 4999936.0,
            "min": 19968.0,
            "max": 4999936.0,
            "count": 250
        },
        "Cat.Policy.ExtrinsicValueEstimate.mean": {
            "value": -2.4212839603424072,
            "min": -3.213979721069336,
            "max": -0.3806338310241699,
            "count": 250
        },
        "Cat.Policy.ExtrinsicValueEstimate.sum": {
            "value": -762.7044677734375,
            "min": -1013.5733642578125,
            "max": -118.75775909423828,
            "count": 250
        },
        "Cat.IsTraining.mean": {
            "value": 1.0,
            "min": 1.0,
            "max": 1.0,
            "count": 250
        },
        "Cat.IsTraining.sum": {
            "value": 1.0,
            "min": 1.0,
            "max": 1.0,
            "count": 250
        },
        "Cat.Environment.EpisodeLength.mean": {
            "value": 3999.0,
            "min": 3999.0,
            "max": 3999.0,
            "count": 208
        },
        "Cat.Environment.EpisodeLength.sum": {
            "value": 23994.0,
            "min": 23994.0,
            "max": 23994.0,
            "count": 208
        },
        "Cat.Environment.CumulativeReward.mean": {
            "value": -90.53944262862206,
            "min": -148.35187316934267,
            "max": -80.61513277292252,
            "count": 249
        },
        "Cat.Environment.CumulativeReward.sum": {
            "value": -543.2366557717323,
            "min": -890.1112390160561,
            "max": -86.73087078332901,
            "count": 249
        },
        "Cat.Policy.ExtrinsicReward.mean": {
            "value": -90.53944262862206,
            "min": -148.35187316934267,
            "max": -80.61513277292252,
            "count": 249
        },
        "Cat.Policy.ExtrinsicReward.sum": {
            "value": -543.2366557717323,
            "min": -890.1112390160561,
            "max": -86.73087078332901,
            "count": 249
        },
        "Cat.Losses.PolicyLoss.mean": {
            "value": 0.021846618868016775,
            "min": 0.02031803167384396,
            "max": 0.02524122760701175,
            "count": 49
        },
        "Cat.Losses.PolicyLoss.sum": {
            "value": 0.021846618868016775,
            "min": 0.02031803167384396,
            "max": 0.02524122760701175,
            "count": 49
        },
        "Cat.Losses.ValueLoss.mean": {
            "value": 0.15852791792713106,
            "min": 0.010606708101113327,
            "max": 0.15852791792713106,
            "count": 49
        },
        "Cat.Losses.ValueLoss.sum": {
            "value": 0.15852791792713106,
            "min": 0.010606708101113327,
            "max": 0.15852791792713106,
            "count": 49
        },
        "Cat.Policy.LearningRate.mean": {
            "value": 1.8112981888000016e-06,
            "min": 1.8112981888000016e-06,
            "max": 9.799552200448e-05,
            "count": 49
        },
        "Cat.Policy.LearningRate.sum": {
            "value": 1.8112981888000016e-06,
            "min": 1.8112981888000016e-06,
            "max": 9.799552200448e-05,
            "count": 49
        },
        "Cat.Policy.Epsilon.mean": {
            "value": 0.10271680000000002,
            "min": 0.10271680000000002,
            "max": 0.24699328,
            "count": 49
        },
        "Cat.Policy.Epsilon.sum": {
            "value": 0.10271680000000002,
            "min": 0.10271680000000002,
            "max": 0.24699328,
            "count": 49
        },
        "Cat.Policy.Beta.mean": {
            "value": 0.0001003788800000001,
            "min": 0.0001003788800000001,
            "max": 0.004899976447999999,
            "count": 49
        },
        "Cat.Policy.Beta.sum": {
            "value": 0.0001003788800000001,
            "min": 0.0001003788800000001,
            "max": 0.004899976447999999,
            "count": 49
        }
    },
    "metadata": {
        "timer_format_version": "0.1.0",
        "start_time_seconds": "1670535518",
        "python_version": "3.9.0 (tags/v3.9.0:9cf6752, Oct  5 2020, 15:34:40) [MSC v.1927 64 bit (AMD64)]",
        "command_line_arguments": "C:\\Users\\Alex\\python-envs\\mlAgent-env\\Scripts\\mlagents-learn CatEpsHigher.yaml --run-id=schroedingerMovementPenaltyLowerPen",
        "mlagents_version": "0.30.0",
        "mlagents_envs_version": "0.30.0",
        "communication_protocol_version": "1.5.0",
        "pytorch_version": "1.7.1+cu110",
        "numpy_version": "1.21.2",
        "end_time_seconds": "1670543225"
    },
    "total": 7707.0538017,
    "count": 1,
    "self": 0.008358899999620917,
    "children": {
        "run_training.setup": {
            "total": 0.13296549999999985,
            "count": 1,
            "self": 0.13296549999999985
        },
        "TrainerController.start_learning": {
            "total": 7706.9124773,
            "count": 1,
            "self": 18.504011400601485,
            "children": {
                "TrainerController._reset_env": {
                    "total": 6.7297826,
                    "count": 1,
                    "self": 6.7297826
                },
                "TrainerController.advance": {
                    "total": 7681.643381499398,
                    "count": 833351,
                    "self": 8.648847399699662,
                    "children": {
                        "env_step": {
                            "total": 7672.994534099698,
                            "count": 833351,
                            "self": 5738.94151339955,
                            "children": {
                                "SubprocessEnvManager._take_step": {
                                    "total": 1924.4353559001277,
                                    "count": 833351,
                                    "self": 45.710207500030265,
                                    "children": {
                                        "TorchPolicy.evaluate": {
                                            "total": 1878.7251484000974,
                                            "count": 833351,
                                            "self": 1878.7251484000974
                                        }
                                    }
                                },
                                "workers": {
                                    "total": 9.617664800020226,
                                    "count": 833351,
                                    "self": 0.0,
                                    "children": {
                                        "worker_root": {
                                            "total": 7679.658169499697,
                                            "count": 833351,
                                            "is_parallel": true,
                                            "self": 3662.0682236999314,
                                            "children": {
                                                "steps_from_proto": {
                                                    "total": 0.0003913000000004274,
                                                    "count": 1,
                                                    "is_parallel": true,
                                                    "self": 0.00010120000000135576,