{"count":1,"self":35.078534399999995,"total":36.665149,"children":{"InitializeActuators":{"count":36,"self":0.003992,"total":0.003992,"children":null},"InitializeSensors":{"count":36,"self":0.0039892999999999994,"total":0.0039892999999999994,"children":null},"AgentSendState":{"count":1602,"self":0.9644961,"total":0.99914209999999992,"children":{"CollectObservations":{"count":7497,"self":0.0088497,"total":0.0088497,"children":null},"WriteActionMask":{"count":7497,"self":0.0055568,"total":0.0055568,"children":null},"RequestDecision":{"count":7497,"self":0.0202395,"total":0.0202395,"children":null}}},"DecideAction":{"count":1602,"self":0.38675109999999996,"total":0.46792629999999996,"children":{"RayPerceptionSensor.Perceive":{"count":18639,"self":0.0811752,"total":0.0811752,"children":null}}},"AgentAct":{"count":1602,"self":0.11004929999999999,"total":0.11004929999999999,"children":null}},"gauges":{"Mouse.CumulativeReward":{"count":6,"max":5431.74072,"min":1781.89771,"runningAverage":4138.274,"value":5431.74072,"weightedAverage":4199.807},"Cat.CumulativeReward":{"count":6,"max":-909.2474,"min":-1089.398,"runningAverage":-998.972,"value":-1089.09509,"weightedAverage":-1012.52368}},"metadata":{"timer_format_version":"0.1.0","start_time_seconds":"1673254680","unity_version":"2021.3.11f1","command_line_arguments":"I:\\Unity\\2021.3.11f1\\Editor\\Unity.exe -projectpath I:\\Users\\Alex\\github\\CatAndMousePPO -useHub -hubIPC -cloudEnvironment production","communication_protocol_version":"1.5.0","com.unity.ml-agents_version":"2.3.0-exp.3","scene_name":"DemoMaces","end_time_seconds":"1673254717"}}