{"count":1,"self":3023.325184,"total":24009.532314,"children":{"InitializeActuators":{"count":32460,"self":0.2374778,"total":0.2374778,"children":null},"InitializeSensors":{"count":32460,"self":0.45766249999999997,"total":0.45766249999999997,"children":null},"AgentSendState":{"count":5187501,"self":2780.4907519999997,"total":3379.7525729999998,"children":{"CollectObservations":{"count":23819867,"self":18.648908799999997,"total":18.6489081,"children":null},"WriteActionMask":{"count":23819867,"self":16.1004512,"total":16.1004518,"children":null},"RequestDecision":{"count":23819867,"self":59.248787199999995,"total":564.51240339999993,"children":{"AgentInfo.ToProto":{"count":23819867,"self":55.4670912,"total":505.2636174,"children":{"GenerateSensorData":{"count":23819867,"self":308.65300479999996,"total":449.7965273,"children":{"RayPerceptionSensor.Perceive":{"count":59009589,"self":141.14352639999998,"total":141.1435272,"children":null}}}}}}}}},"DecideAction":{"count":5187501,"self":17407.018598399998,"total":17407.0192026,"children":null},"AgentAct":{"count":5187501,"self":197.81689599999999,"total":197.8168996,"children":null},"AgentInfo.ToProto":{"count":32438,"self":0.1677686,"total":0.9219474,"children":{"GenerateSensorData":{"count":32438,"self":0.5293751,"total":0.75417879999999993,"children":{"RayPerceptionSensor.Perceive":{"count":81096,"self":0.2248037,"total":0.2248037,"children":null}}}}}},"gauges":{"Mouse.CumulativeReward":{"count":16220,"max":358.735474,"min":5.93736,"runningAverage":207.4292,"value":237.3144,"weightedAverage":150.896072},"Cat.CumulativeReward":{"count":16218,"max":9.136416,"min":-122.182182,"runningAverage":-54.38704,"value":-44.59559,"weightedAverage":-44.1651726}},"metadata":{"timer_format_version":"0.1.0","start_time_seconds":"1673177105","unity_version":"2021.3.11f1","command_line_arguments":"I:\\Unity\\2021.3.11f1\\Editor\\Unity.exe -projectpath I:\\Users\\Alex\\github\\CatAndMousePPO -useHub -hubIPC -cloudEnvironment production","communication_protocol_version":"1.5.0","com.unity.ml-agents_version":"2.3.0-exp.3","scene_name":"Maces","end_time_seconds":"1673201114"}}