{"count":1,"self":802.2337024,"total":7474.0767335,"children":{"InitializeActuators":{"count":25776,"self":0.2856248,"total":0.2856248,"children":null},"InitializeSensors":{"count":25776,"self":0.6199736,"total":0.6199736,"children":null},"AgentSendState":{"count":1610851,"self":847.1190528,"total":1320.1474153,"children":{"CollectObservations":{"count":7731055,"self":21.4944336,"total":21.4944329,"children":null},"WriteActionMask":{"count":7731055,"self":15.066468799999999,"total":15.066469099999999,"children":null},"RequestDecision":{"count":7731055,"self":75.0123456,"total":436.46748549999995,"children":{"AgentInfo.ToProto":{"count":7731055,"self":52.947632,"total":361.4551424,"children":{"GenerateSensorData":{"count":7731055,"self":208.5344384,"total":308.50750919999996,"children":{"RayPerceptionSensor.Perceive":{"count":19327113,"self":99.9730688,"total":99.9730714,"children":null}}}}}}}}},"DecideAction":{"count":1610851,"self":5261.2788224,"total":5261.2788721,"children":null},"AgentAct":{"count":1610851,"self":88.169868799999989,"total":88.1698663,"children":null},"AgentInfo.ToProto":{"count":25752,"self":0.26226099999999997,"total":1.3402623,"children":{"GenerateSensorData":{"count":25752,"self":0.7568726,"total":1.0780013,"children":{"RayPerceptionSensor.Perceive":{"count":64380,"self":0.3211287,"total":0.3211287,"children":null}}}}}},"gauges":{"Cat1.CumulativeReward":{"count":12876,"max":-27.00445,"min":-40.3545341,"runningAverage":-32.10689,"value":-27.902256,"weightedAverage":-27.761673},"Mouse2.CumulativeReward":{"count":12876,"max":89.53833,"min":24.81363,"runningAverage":89.37641,"value":89.34784,"weightedAverage":89.359726}},"metadata":{"timer_format_version":"0.1.0","start_time_seconds":"1670705709","unity_version":"2021.3.11f1","command_line_arguments":"C:\\Program Files\\Unity\\Hub\\Editor\\2021.3.11f1\\Editor\\Unity.exe -projectpath M:\\Software Engineering\\SEB6\\Game Engines\\Projekte\\ml-Restart -useHub -hubIPC -cloudEnvironment production","communication_protocol_version":"1.5.0","com.unity.ml-agents_version":"2.3.0-exp.3","scene_name":"Maces","end_time_seconds":"1670713183"}}