{
    "name": "root",
    "gauges": {
        "Cat.Policy.Entropy.mean": {
            "value": 1.3701223134994507,
            "min": 1.3701223134994507,
            "max": 1.428360104560852,
            "count": 250
        },
        "Cat.Policy.Entropy.sum": {
            "value": 27111.98046875,
            "min": 27106.283203125,
            "max": 29019.28515625,
            "count": 250
        },
        "Cat.Step.mean": {
            "value": 4999936.0,
            "min": 19968.0,
            "max": 4999936.0,
            "count": 250
        },
        "Cat.Step.sum": {
            "value": 4999936.0,
            "min": 19968.0,
            "max": 4999936.0,
            "count": 250
        },
        "Cat.Policy.ExtrinsicValueEstimate.mean": {
            "value": 1.2790358066558838,
            "min": -0.3180176317691803,
            "max": 1.2987107038497925,
            "count": 250
        },
        "Cat.Policy.ExtrinsicValueEstimate.sum": {
            "value": 402.8962707519531,
            "min": -100.49357604980469,
            "max": 410.392578125,
            "count": 250
        },
        "Cat.IsTraining.mean": {
            "value": 1.0,
            "min": 1.0,
            "max": 1.0,
            "count": 250
        },
        "Cat.IsTraining.sum": {
            "value": 1.0,
            "min": 1.0,
            "max": 1.0,
            "count": 250
        },
        "Cat.Environment.EpisodeLength.mean": {
            "value": 3999.0,
            "min": 3999.0,
            "max": 3999.0,
            "count": 208
        },
        "Cat.Environment.EpisodeLength.sum": {
            "value": 23994.0,
            "min": 23994.0,
            "max": 23994.0,
            "count": 208
        },
        "Cat.Environment.CumulativeReward.mean": {
            "value": 58.0,
            "min": 0.0,
            "max": 68.0,
            "count": 249
        },
        "Cat.Environment.CumulativeReward.sum": {
            "value": 348.0,
            "min": 0.0,
            "max": 404.0,
            "count": 249
        },
        "Cat.Policy.ExtrinsicReward.mean": {
            "value": 58.0,
            "min": 0.0,
            "max": 68.0,
            "count": 249
        },
        "Cat.Policy.ExtrinsicReward.sum": {
            "value": 348.0,
            "min": 0.0,
            "max": 404.0,
            "count": 249
        },
        "Cat.Losses.PolicyLoss.mean": {
            "value": 0.02284202272872733,
            "min": 0.02008278095871674,
            "max": 0.024257186461113633,
            "count": 49
        },
        "Cat.Losses.PolicyLoss.sum": {
            "value": 0.02284202272872733,
            "min": 0.02008278095871674,
            "max": 0.024257186461113633,
            "count": 49
        },
        "Cat.Losses.ValueLoss.mean": {
            "value": 0.18140595741569995,
            "min": 0.0035048648206611687,
            "max": 0.18140595741569995,
            "count": 49
        },
        "Cat.Losses.ValueLoss.sum": {
            "value": 0.18140595741569995,
            "min": 0.0035048648206611687,
            "max": 0.18140595741569995,
            "count": 49
        },
        "Cat.Policy.LearningRate.mean": {
            "value": 1.8112981888000016e-06,
            "min": 1.8112981888000016e-06,
            "max": 9.799552200448e-05,
            "count": 49
        },
        "Cat.Policy.LearningRate.sum": {
            "value": 1.8112981888000016e-06,
            "min": 1.8112981888000016e-06,
            "max": 9.799552200448e-05,
            "count": 49
        },
        "Cat.Policy.Epsilon.mean": {
            "value": 0.10181120000000002,
            "min": 0.10181120000000002,
            "max": 0.19799552000000004,
            "count": 49
        },
        "Cat.Policy.Epsilon.sum": {
            "value": 0.10181120000000002,
            "min": 0.10181120000000002,
            "max": 0.19799552000000004,
            "count": 49
        },
        "Cat.Policy.Beta.mean": {
            "value": 0.0001003788800000001,
            "min": 0.0001003788800000001,
            "max": 0.004899976447999999,
            "count": 49
        },
        "Cat.Policy.Beta.sum": {
            "value": 0.0001003788800000001,
            "min": 0.0001003788800000001,
            "max": 0.004899976447999999,
            "count": 49
        }
    },
    "metadata": {
        "timer_format_version": "0.1.0",
        "start_time_seconds": "1670494848",
        "python_version": "3.9.0 (tags/v3.9.0:9cf6752, Oct  5 2020, 15:34:40) [MSC v.1927 64 bit (AMD64)]",
        "command_line_arguments": "C:\\Users\\Alex\\python-envs\\mlAgent-env\\Scripts\\mlagents-learn Cat.yaml --run-id=schroedingerChangedConfig01",
        "mlagents_version": "0.30.0",
        "mlagents_envs_version": "0.30.0",
        "communication_protocol_version": "1.5.0",
        "pytorch_version": "1.7.1+cu110",
        "numpy_version": "1.21.2",
        "end_time_seconds": "1670503174"
    },
    "total": 8326.100993799999,
    "count": 1,
    "self": 0.01482390000091982,
    "children": {
        "run_training.setup": {
            "total": 0.14816030000000002,
            "count": 1,
            "self": 0.14816030000000002
        },
        "TrainerController.start_learning": {
            "total": 8325.938009599999,
            "count": 1,
            "self": 19.911240400175302,
            "children": {
                "TrainerController._reset_env": {
                    "total": 7.047853000000001,
                    "count": 1,
                    "self": 7.047853000000001
                },
                "TrainerController.advance": {
                    "total": 8298.941870899824,
                    "count": 833352,
                    "self": 10.494599899753666,
                    "children": {
                        "env_step": {
                            "total": 8288.44727100007,
                            "count": 833352,
                            "self": 6211.60170789975,
                            "children": {
                                "SubprocessEnvManager._take_step": {
                                    "total": 2066.522144800018,
                                    "count": 833352,
                                    "self": 51.19897189992071,
                                    "children": {
                                        "TorchPolicy.evaluate": {
                                            "total": 2015.3231729000972,
                                            "count": 833352,
                                            "self": 2015.3231729000972
                                        }
                                    }
                                },
                                "workers": {
                                    "total": 10.32341830030188,
                                    "count": 833352,
                                    "self": 0.0,
                                    "children": {
                                        "worker_root": {
                                            "total": 8297.27286619995,
                                            "count": 833352,
                                            "is_parallel": true,
                                            "self": 3976.8831115999656,
                                            "children": {
                                                "steps_from_proto": {
                                                    "total": 0.00039869999999986305,
                                                    "count": 1,
                                                    "is_parallel": true,
                                                    "self": 0.00010390000000004562,