{
    "name": "root",
    "gauges": {
        "Mouse.Policy.Entropy.mean": {
            "value": 1.0947132110595703,
            "min": 1.0947132110595703,
            "max": 1.4202924966812134,
            "count": 750
        },
        "Mouse.Policy.Entropy.sum": {
            "value": 21793.55078125,
            "min": 21793.55078125,
            "max": 28810.123046875,
            "count": 750
        },
        "Mouse.Step.mean": {
            "value": 14999992.0,
            "min": 19971.0,
            "max": 14999992.0,
            "count": 750
        },
        "Mouse.Step.sum": {
            "value": 14999992.0,
            "min": 19971.0,
            "max": 14999992.0,
            "count": 750
        },
        "Mouse.Policy.ExtrinsicValueEstimate.mean": {
            "value": 16.273296356201172,
            "min": -0.5111701488494873,
            "max": 28.416976928710938,
            "count": 750
        },
        "Mouse.Policy.ExtrinsicValueEstimate.sum": {
            "value": 6200.1259765625,
            "min": -161.17538452148438,
            "max": 9146.5947265625,
            "count": 750
        },
        "Mouse.Environment.EpisodeLength.mean": {
            "value": 157.82222222222222,
            "min": 125.51219512195122,
            "max": 9999.0,
            "count": 747
        },
        "Mouse.Environment.EpisodeLength.sum": {
            "value": 21306.0,
            "min": 740.0,
            "max": 49863.0,
            "count": 747
        },
        "Mouse.Environment.CumulativeReward.mean": {
            "value": 44.99393428917284,
            "min": 35.4788044785581,
            "max": 2981.247712135315,
            "count": 747
        },
        "Mouse.Environment.CumulativeReward.sum": {
            "value": 6074.181129038334,
            "min": 218.5053997039795,
            "max": 14852.438925027847,
            "count": 747
        },
        "Mouse.Policy.ExtrinsicReward.mean": {
            "value": 44.99393428917284,
            "min": 35.4788044785581,
            "max": 2981.247712135315,
            "count": 747
        },
        "Mouse.Policy.ExtrinsicReward.sum": {
            "value": 6074.181129038334,
            "min": 218.5053997039795,
            "max": 14852.438925027847,
            "count": 747
        },
        "Mouse.IsTraining.mean": {
            "value": 1.0,
            "min": 1.0,
            "max": 1.0,
            "count": 750
        },
        "Mouse.IsTraining.sum": {
            "value": 1.0,
            "min": 1.0,
            "max": 1.0,
            "count": 750
        },
        "Mouse.Losses.PolicyLoss.mean": {
            "value": 0.021251412181425167,
            "min": 0.020453434156570437,
            "max": 0.02520468416073527,
            "count": 149
        },
        "Mouse.Losses.PolicyLoss.sum": {
            "value": 0.021251412181425167,
            "min": 0.020453434156570437,
            "max": 0.02520468416073527,
            "count": 149
        },
        "Mouse.Losses.ValueLoss.mean": {
            "value": 15.242013567686081,
            "min": 0.6377479961141944,
            "max": 16.92320802807808,
            "count": 149
        },
        "Mouse.Losses.ValueLoss.sum": {
            "value": 15.242013567686081,
            "min": 0.6377479961141944,
            "max": 16.92320802807808,
            "count": 149
        },
        "Mouse.Policy.LearningRate.mean": {
            "value": 0.00010000000000000002,
            "min": 0.00010000000000000002,
            "max": 0.00010000000000000002,
            "count": 149
        },
        "Mouse.Policy.LearningRate.sum": {
            "value": 0.00010000000000000002,
            "min": 0.00010000000000000002,
            "max": 0.00010000000000000002,
            "count": 149
        },
        "Mouse.Policy.Epsilon.mean": {
            "value": 0.25,
            "min": 0.25,
            "max": 0.25,
            "count": 149
        },
        "Mouse.Policy.Epsilon.sum": {
            "value": 0.25,
            "min": 0.25,
            "max": 0.25,
            "count": 149
        },
        "Mouse.Policy.Beta.mean": {
            "value": 0.004999999999999999,
            "min": 0.004999999999999999,
            "max": 0.004999999999999999,
            "count": 149
        },
        "Mouse.Policy.Beta.sum": {
            "value": 0.004999999999999999,
            "min": 0.004999999999999999,
            "max": 0.004999999999999999,
            "count": 149
        },
        "Cat.Policy.Entropy.mean": {
            "value": 0.23690825700759888,
            "min": 0.23690824210643768,
            "max": 1.4189382791519165,
            "count": 750
        },
        "Cat.Policy.Entropy.sum": {
            "value": 4716.36962890625,
            "min": 4716.36962890625,
            "max": 28810.123046875,
            "count": 750
        },
        "Cat.Step.mean": {
            "value": 14999992.0,
            "min": 19971.0,
            "max": 14999992.0,
            "count": 750
        },
        "Cat.Step.sum": {
            "value": 14999992.0,
            "min": 19971.0,
            "max": 14999992.0,
            "count": 750
        },
        "Cat.Policy.ExtrinsicValueEstimate.mean": {
            "value": -2.415489912033081,
            "min": -9.632607460021973,
            "max": -0.06395433843135834,
            "count": 750
        },
        "Cat.Policy.ExtrinsicValueEstimate.sum": {
            "value": -920.3016357421875,
            "min": -3050.974609375,
            "max": -20.209569931030273,
            "count": 750
        },
        "Cat.Environment.EpisodeLength.mean": {
            "value": 157.82222222222222,
            "min": 125.51219512195122,
            "max": 3999.0,
            "count": 750
        },
        "Cat.Environment.EpisodeLength.sum": {
            "value": 21306.0,
            "min": 2590.0,
            "max": 39649.0,
            "count": 750
        },
        "Cat.Environment.CumulativeReward.mean": {
            "value": -8.924165857279743,
            "min": -491.1861544251442,
            "max": -6.27221961864611,
            "count": 750
        },
        "Cat.Environment.CumulativeReward.sum": {
            "value": -1204.7623907327652,
            "min": -4175.967507123947,
            "max": -263.368901014328,
            "count": 750
        },
        "Cat.Policy.ExtrinsicReward.mean": {
            "value": -8.924165857279743,
            "min": -491.1861544251442,
            "max": -6.27221961864611,
            "count": 750
        },
        "Cat.Policy.ExtrinsicReward.sum": {
            "value": -1204.7623907327652,
            "min": -4175.967507123947,
            "max": -263.368901014328,
            "count": 750
        },
        "Cat.IsTraining.mean": {
            "value": 1.0,
            "min": 1.0,
            "max": 1.0,
            "count": 750
        },
        "Cat.IsTraining.sum": {
            "value": 1.0,
            "min": 1.0,
            "max": 1.0,
            "count": 750
        },
        "Cat.Losses.PolicyLoss.mean": {
            "value": 0.02226651232617769,
            "min": 0.02011430653892603,
            "max": 0.024784667747007917,
            "count": 149
        },
        "Cat.Losses.PolicyLoss.sum": {
            "value": 0.02226651232617769,
            "min": 0.02011430653892603,
            "max": 0.024784667747007917,
            "count": 149
        },
        "Cat.Losses.ValueLoss.mean": {
            "value": 1.3735891416668893,
            "min": 0.15376872770721092,
            "max": 1.521627364680171,
            "count": 149
        },
        "Cat.Losses.ValueLoss.sum": {
            "value": 1.3735891416668893,
            "min": 0.15376872770721092,
            "max": 1.521627364680171,
            "count": 149
        },
        "Cat.Policy.LearningRate.mean": {
            "value": 0.00010000000000000002,
            "min": 0.00010000000000000002,