{
    "name": "root",
    "metadata": {
        "timer_format_version": "0.1.0",
        "start_time_seconds": "1670705105",
        "python_version": "3.9.0 (tags/v3.9.0:9cf6752, Oct  5 2020, 15:34:40) [MSC v.1927 64 bit (AMD64)]",
        "command_line_arguments": "C:\\Users\\Alex\\python-envs\\mlAgent-env\\Scripts\\mlagents-learn 3v3.yaml --run-id=labyrinthPPO8",
        "mlagents_version": "0.30.0",
        "mlagents_envs_version": "0.30.0",
        "communication_protocol_version": "1.5.0",
        "pytorch_version": "1.7.1+cu110",
        "numpy_version": "1.21.2",
        "end_time_seconds": "1670705396"
    },
    "total": 291.6652449,
    "count": 1,
    "self": 0.017458200000021407,
    "children": {
        "run_training.setup": {
            "total": 0.16054730000000017,
            "count": 1,
            "self": 0.16054730000000017
        },
        "TrainerController.start_learning": {
            "total": 291.48723939999996,
            "count": 1,
            "self": 0.2621453999997243,
            "children": {
                "TrainerController._reset_env": {
                    "total": 6.3429771,
                    "count": 1,
                    "self": 6.3429771
                },
                "TrainerController.advance": {
                    "total": 284.77002880000026,
                    "count": 8912,
                    "self": 0.1119882000006669,
                    "children": {
                        "env_step": {
                            "total": 284.6580405999996,
                            "count": 8912,
                            "self": 236.23847279999927,
                            "children": {
                                "SubprocessEnvManager._take_step": {
                                    "total": 48.30965169999984,
                                    "count": 8913,
                                    "self": 1.5524204000010329,
                                    "children": {
                                        "TorchPolicy.evaluate": {
                                            "total": 46.75723129999881,
                                            "count": 17542,
                                            "self": 46.75723129999881
                                        }
                                    }
                                },
                                "workers": {
                                    "total": 0.1099161000004969,
                                    "count": 8911,
                                    "self": 0.0,
                                    "children": {
                                        "worker_root": {
                                            "total": 169.2143426000001,
                                            "count": 8911,
                                            "is_parallel": true,
                                            "self": 66.718790999999,
                                            "children": {
                                                "steps_from_proto": {
                                                    "total": 0.002176699999993481,
                                                    "count": 4,
                                                    "is_parallel": true,
                                                    "self": 0.0004247999999886787,
                                                    "children": {
                                                        "_process_rank_one_or_two_observation": {
                                                            "total": 0.0017519000000048024,
                                                            "count": 20,
                                                            "is_parallel": true,
                                                            "self": 0.0017519000000048024
                                                        }
                                                    }
                                                },
                                                "UnityEnvironment.step": {
                                                    "total": 102.4933749000011,
                                                    "count": 8911,
                                                    "is_parallel": true,
                                                    "self": 2.98331109999954,
                                                    "children": {
                                                        "UnityEnvironment._generate_step_input": {
                                                            "total": 2.4207057000008856,
                                                            "count": 8911,
                                                            "is_parallel": true,
                                                            "self": 2.4207057000008856
                                                        },
                                                        "communicator.exchange": {
                                                            "total": 88.54677809999961,
                                                            "count": 8911,
                                                            "is_parallel": true,
                                                            "self": 88.54677809999961
                                                        },
                                                        "steps_from_proto": {
                                                            "total": 8.542580000001061,
                                                            "count": 17822,
                                                            "is_parallel": true,
                                                            "self": 1.8224691999974771,
                                                            "children": {
                                                                "_process_rank_one_or_two_observation": {
                                                                    "total": 6.720110800003584,
                                                                    "count": 89110,
                                                                    "is_parallel": true,
                                                                    "self": 6.720110800003584
                                                                }
                                                            }
                                                        }
                                                    }
                                                }
                                            }
                                        }
                                    }
                                }
                            }
                        }
                    }
                },
                "TrainerController._save_models": {
                    "total": 0.11208809999999403,
                    "count": 1,
                    "self": 0.0023967000000197913,
                    "children": {
                        "RLTrainer._checkpoint": {
                            "total": 0.10969139999997424,
                            "count": 2,
                            "self": 0.10969139999997424
                        }
                    }
                }
            }
        }
    }
}