{
    "name": "root",
    "metadata": {
        "timer_format_version": "0.1.0",
        "start_time_seconds": "1670703400",
        "python_version": "3.9.0 (tags/v3.9.0:9cf6752, Oct  5 2020, 15:34:40) [MSC v.1927 64 bit (AMD64)]",
        "command_line_arguments": "C:\\Users\\Alex\\python-envs\\mlAgent-env\\Scripts\\mlagents-learn 3v3.yaml --run-id=labyrinthPPO6",
        "mlagents_version": "0.30.0",
        "mlagents_envs_version": "0.30.0",
        "communication_protocol_version": "1.5.0",
        "pytorch_version": "1.7.1+cu110",
        "numpy_version": "1.21.2",
        "end_time_seconds": "1670703481"
    },
    "total": 80.9690021,
    "count": 1,
    "self": 0.020131199999994465,
    "children": {
        "run_training.setup": {
            "total": 0.1382645,
            "count": 1,
            "self": 0.1382645
        },
        "TrainerController.start_learning": {
            "total": 80.8106064,
            "count": 1,
            "self": 0.00030739999998274925,
            "children": {
                "TrainerController._reset_env": {
                    "total": 5.3277563,
                    "count": 1,
                    "self": 5.3277563
                },
                "TrainerController.advance": {
                    "total": 75.3637494,
                    "count": 5,
                    "self": 9.02000000166936e-05,
                    "children": {
                        "env_step": {
                            "total": 75.36365919999999,
                            "count": 5,
                            "self": 75.02652939999999,
                            "children": {
                                "SubprocessEnvManager._take_step": {
                                    "total": 0.33708459999999896,
                                    "count": 5,
                                    "self": 0.0004165999999985459,
                                    "children": {
                                        "TorchPolicy.evaluate": {
                                            "total": 0.3366680000000004,
                                            "count": 5,
                                            "self": 0.3366680000000004
                                        }
                                    }
                                },
                                "workers": {
                                    "total": 4.520000000063362e-05,
                                    "count": 4,
                                    "self": 0.0,
                                    "children": {
                                        "worker_root": {
                                            "total": 1.9562408000000002,
                                            "count": 4,
                                            "is_parallel": true,
                                            "self": 1.9133299999999993,
                                            "children": {
                                                "steps_from_proto": {
                                                    "total": 0.0011668999999998597,
                                                    "count": 2,
                                                    "is_parallel": true,
                                                    "self": 0.0002359999999996809,
                                                    "children": {
                                                        "_process_rank_one_or_two_observation": {
                                                            "total": 0.0009309000000001788,
                                                            "count": 10,
                                                            "is_parallel": true,
                                                            "self": 0.0009309000000001788
                                                        }
                                                    }
                                                },
                                                "UnityEnvironment.step": {
                                                    "total": 0.041743900000001055,
                                                    "count": 4,
                                                    "is_parallel": true,
                                                    "self": 0.0008492999999996087,
                                                    "children": {
                                                        "UnityEnvironment._generate_step_input": {
                                                            "total": 0.0008047000000006577,
                                                            "count": 4,
                                                            "is_parallel": true,
                                                            "self": 0.0008047000000006577
                                                        },
                                                        "communicator.exchange": {
                                                            "total": 0.037832100000001034,
                                                            "count": 4,
                                                            "is_parallel": true,
                                                            "self": 0.037832100000001034
                                                        },
                                                        "steps_from_proto": {
                                                            "total": 0.0022577999999997544,
                                                            "count": 8,
                                                            "is_parallel": true,
                                                            "self": 0.0006638000000016575,
                                                            "children": {
                                                                "_process_rank_one_or_two_observation": {
                                                                    "total": 0.001593999999998097,
                                                                    "count": 40,
                                                                    "is_parallel": true,
                                                                    "self": 0.001593999999998097
                                                                }
                                                            }
                                                        }
                                                    }
                                                }
                                            }
                                        }
                                    }
                                }
                            }
                        }
                    }
                },
                "TrainerController._save_models": {
                    "total": 0.11879330000000721,
                    "count": 1,
                    "self": 0.0019729000000126007,
                    "children": {
                        "RLTrainer._checkpoint": {
                            "total": 0.1168203999999946,
                            "count": 2,
                            "self": 0.1168203999999946
                        }
                    }
                }
            }
        }
    }
}