{
    "name": "root",
    "metadata": {
        "timer_format_version": "0.1.0",
        "start_time_seconds": "1670702745",
        "python_version": "3.9.0 (tags/v3.9.0:9cf6752, Oct  5 2020, 15:34:40) [MSC v.1927 64 bit (AMD64)]",
        "command_line_arguments": "C:\\Users\\Alex\\python-envs\\mlAgent-env\\Scripts\\mlagents-learn 3v3.yaml --run-id=labyrinthPPO4",
        "mlagents_version": "0.30.0",
        "mlagents_envs_version": "0.30.0",
        "communication_protocol_version": "1.5.0",
        "pytorch_version": "1.7.1+cu110",
        "numpy_version": "1.21.2",
        "end_time_seconds": "1670702836"
    },
    "total": 91.0581378,
    "count": 1,
    "self": 0.034385900000003744,
    "children": {
        "run_training.setup": {
            "total": 0.13945239999999992,
            "count": 1,
            "self": 0.13945239999999992
        },
        "TrainerController.start_learning": {
            "total": 90.8842995,
            "count": 1,
            "self": 0.028185000000007676,
            "children": {
                "TrainerController._reset_env": {
                    "total": 6.359080200000001,
                    "count": 1,
                    "self": 6.359080200000001
                },
                "TrainerController.advance": {
                    "total": 84.37831809999999,
                    "count": 1034,
                    "self": 0.012780800000044223,
                    "children": {
                        "env_step": {
                            "total": 84.36553729999994,
                            "count": 1034,
                            "self": 78.93465400000007,
                            "children": {
                                "SubprocessEnvManager._take_step": {
                                    "total": 5.41880759999993,
                                    "count": 1034,
                                    "self": 0.14055309999988097,
                                    "children": {
                                        "TorchPolicy.evaluate": {
                                            "total": 5.278254500000049,
                                            "count": 2062,
                                            "self": 5.278254500000049
                                        }
                                    }
                                },
                                "workers": {
                                    "total": 0.012075699999943623,
                                    "count": 1033,
                                    "self": 0.0,
                                    "children": {
                                        "worker_root": {
                                            "total": 23.195991699999997,
                                            "count": 1033,
                                            "is_parallel": true,
                                            "self": 8.940317900000075,
                                            "children": {
                                                "steps_from_proto": {
                                                    "total": 0.001104599999999678,
                                                    "count": 2,
                                                    "is_parallel": true,
                                                    "self": 0.00021839999999873072,
                                                    "children": {
                                                        "_process_rank_one_or_two_observation": {
                                                            "total": 0.0008862000000009473,
                                                            "count": 10,
                                                            "is_parallel": true,
                                                            "self": 0.0008862000000009473
                                                        }
                                                    }
                                                },
                                                "UnityEnvironment.step": {
                                                    "total": 14.254569199999922,
                                                    "count": 1033,
                                                    "is_parallel": true,
                                                    "self": 0.35541439999996705,
                                                    "children": {
                                                        "UnityEnvironment._generate_step_input": {
                                                            "total": 0.29352609999996826,
                                                            "count": 1033,
                                                            "is_parallel": true,
                                                            "self": 0.29352609999996826
                                                        },
                                                        "communicator.exchange": {
                                                            "total": 12.573233300000036,
                                                            "count": 1033,
                                                            "is_parallel": true,
                                                            "self": 12.573233300000036
                                                        },
                                                        "steps_from_proto": {
                                                            "total": 1.0323953999999533,
                                                            "count": 2066,
                                                            "is_parallel": true,
                                                            "self": 0.2129885999999157,
                                                            "children": {
                                                                "_process_rank_one_or_two_observation": {
                                                                    "total": 0.8194068000000376,
                                                                    "count": 10330,
                                                                    "is_parallel": true,
                                                                    "self": 0.8194068000000376
                                                                }
                                                            }
                                                        }
                                                    }
                                                }
                                            }
                                        }
                                    }
                                }
                            }
                        }
                    }
                },
                "TrainerController._save_models": {
                    "total": 0.11871619999999439,
                    "count": 1,
                    "self": 0.002100199999986785,
                    "children": {
                        "RLTrainer._checkpoint": {
                            "total": 0.1166160000000076,
                            "count": 2,
                            "self": 0.1166160000000076
                        }
                    }
                }
            }
        }
    }
}