{
    "name": "root",
    "metadata": {
        "timer_format_version": "0.1.0",
        "start_time_seconds": "1670704252",
        "python_version": "3.9.0 (tags/v3.9.0:9cf6752, Oct  5 2020, 15:34:40) [MSC v.1927 64 bit (AMD64)]",
        "command_line_arguments": "C:\\Users\\Alex\\python-envs\\mlAgent-env\\Scripts\\mlagents-learn 3v3.yaml --run-id=labyrinthPPO7",
        "mlagents_version": "0.30.0",
        "mlagents_envs_version": "0.30.0",
        "communication_protocol_version": "1.5.0",
        "pytorch_version": "1.7.1+cu110",
        "numpy_version": "1.21.2",
        "end_time_seconds": "1670704353"
    },
    "total": 100.340813,
    "count": 1,
    "self": 0.018101800000010826,
    "children": {
        "run_training.setup": {
            "total": 0.1523386,
            "count": 1,
            "self": 0.1523386
        },
        "TrainerController.start_learning": {
            "total": 100.1703726,
            "count": 1,
            "self": 0.044089999999982865,
            "children": {
                "TrainerController._reset_env": {
                    "total": 6.0675741,
                    "count": 1,
                    "self": 6.0675741
                },
                "TrainerController.advance": {
                    "total": 93.9508124,
                    "count": 1616,
                    "self": 0.0213513999999293,
                    "children": {
                        "env_step": {
                            "total": 93.92946100000007,
                            "count": 1616,
                            "self": 85.36664950000025,
                            "children": {
                                "SubprocessEnvManager._take_step": {
                                    "total": 8.543731599999855,
                                    "count": 1616,
                                    "self": 0.2313545999998876,
                                    "children": {
                                        "TorchPolicy.evaluate": {
                                            "total": 8.312376999999968,
                                            "count": 3216,
                                            "self": 8.312376999999968
                                        }
                                    }
                                },
                                "workers": {
                                    "total": 0.01907989999997639,
                                    "count": 1615,
                                    "self": 0.0,
                                    "children": {
                                        "worker_root": {
                                            "total": 32.83508769999999,
                                            "count": 1615,
                                            "is_parallel": true,
                                            "self": 13.132874699999991,
                                            "children": {
                                                "steps_from_proto": {
                                                    "total": 0.001137100000000224,
                                                    "count": 2,
                                                    "is_parallel": true,
                                                    "self": 0.00020999999999649077,
                                                    "children": {
                                                        "_process_rank_one_or_two_observation": {
                                                            "total": 0.0009271000000037333,
                                                            "count": 10,
                                                            "is_parallel": true,
                                                            "self": 0.0009271000000037333
                                                        }
                                                    }
                                                },
                                                "UnityEnvironment.step": {
                                                    "total": 19.701075899999996,
                                                    "count": 1615,
                                                    "is_parallel": true,
                                                    "self": 0.5536978000000481,
                                                    "children": {
                                                        "UnityEnvironment._generate_step_input": {
                                                            "total": 0.4728341000000338,
                                                            "count": 1615,
                                                            "is_parallel": true,
                                                            "self": 0.4728341000000338
                                                        },
                                                        "communicator.exchange": {
                                                            "total": 17.025536699999947,
                                                            "count": 1615,
                                                            "is_parallel": true,
                                                            "self": 17.025536699999947
                                                        },
                                                        "steps_from_proto": {
                                                            "total": 1.6490072999999672,
                                                            "count": 3230,
                                                            "is_parallel": true,
                                                            "self": 0.34939109999988904,
                                                            "children": {
                                                                "_process_rank_one_or_two_observation": {
                                                                    "total": 1.2996162000000782,
                                                                    "count": 16150,
                                                                    "is_parallel": true,
                                                                    "self": 1.2996162000000782
                                                                }
                                                            }
                                                        }
                                                    }
                                                }
                                            }
                                        }
                                    }
                                }
                            }
                        }
                    }
                },
                "TrainerController._save_models": {
                    "total": 0.10789610000000494,
                    "count": 1,
                    "self": 0.001843199999996159,
                    "children": {
                        "RLTrainer._checkpoint": {
                            "total": 0.10605290000000878,
                            "count": 2,
                            "self": 0.10605290000000878
                        }
                    }
                }
            }
        }
    }
}