{
    "name": "root",
    "metadata": {
        "timer_format_version": "0.1.0",
        "start_time_seconds": "1670705403",
        "python_version": "3.9.0 (tags/v3.9.0:9cf6752, Oct  5 2020, 15:34:40) [MSC v.1927 64 bit (AMD64)]",
        "command_line_arguments": "C:\\Users\\Alex\\python-envs\\mlAgent-env\\Scripts\\mlagents-learn 3v3.yaml --run-id=labyrinthPPO9",
        "mlagents_version": "0.30.0",
        "mlagents_envs_version": "0.30.0",
        "communication_protocol_version": "1.5.0",
        "pytorch_version": "1.7.1+cu110",
        "numpy_version": "1.21.2",
        "end_time_seconds": "1670705480"
    },
    "total": 76.5795061,
    "count": 1,
    "self": 0.017229599999993184,
    "children": {
        "run_training.setup": {
            "total": 0.15409030000000024,
            "count": 1,
            "self": 0.15409030000000024
        },
        "TrainerController.start_learning": {
            "total": 76.4081862,
            "count": 1,
            "self": 0.014248600000001943,
            "children": {
                "TrainerController._reset_env": {
                    "total": 4.5357947,
                    "count": 1,
                    "self": 4.5357947
                },
                "TrainerController.advance": {
                    "total": 71.7588242,
                    "count": 522,
                    "self": 0.006462400000017965,
                    "children": {
                        "env_step": {
                            "total": 71.75236179999999,
                            "count": 522,
                            "self": 69.39004619999999,
                            "children": {
                                "SubprocessEnvManager._take_step": {
                                    "total": 2.3564203999999807,
                                    "count": 522,
                                    "self": 0.0575868999999658,
                                    "children": {
                                        "TorchPolicy.evaluate": {
                                            "total": 2.298833500000015,
                                            "count": 822,
                                            "self": 2.298833500000015
                                        }
                                    }
                                },
                                "workers": {
                                    "total": 0.005895200000018086,
                                    "count": 521,
                                    "self": 0.0,
                                    "children": {
                                        "worker_root": {
                                            "total": 10.635884599999999,
                                            "count": 521,
                                            "is_parallel": true,
                                            "self": 4.762864599999997,
                                            "children": {
                                                "steps_from_proto": {
                                                    "total": 0.0013251999999996933,
                                                    "count": 2,
                                                    "is_parallel": true,
                                                    "self": 0.00022149999999943049,
                                                    "children": {
                                                        "_process_rank_one_or_two_observation": {
                                                            "total": 0.0011037000000002628,
                                                            "count": 10,
                                                            "is_parallel": true,
                                                            "self": 0.0011037000000002628
                                                        }
                                                    }
                                                },
                                                "UnityEnvironment.step": {
                                                    "total": 5.871694800000003,
                                                    "count": 521,
                                                    "is_parallel": true,
                                                    "self": 0.1549629999999782,
                                                    "children": {
                                                        "UnityEnvironment._generate_step_input": {
                                                            "total": 0.11833490000000157,
                                                            "count": 521,
                                                            "is_parallel": true,
                                                            "self": 0.11833490000000157
                                                        },
                                                        "communicator.exchange": {
                                                            "total": 5.147077700000017,
                                                            "count": 521,
                                                            "is_parallel": true,
                                                            "self": 5.147077700000017
                                                        },
                                                        "steps_from_proto": {
                                                            "total": 0.4513192000000057,
                                                            "count": 1042,
                                                            "is_parallel": true,
                                                            "self": 0.09505389999998659,
                                                            "children": {
                                                                "_process_rank_one_or_two_observation": {
                                                                    "total": 0.3562653000000191,
                                                                    "count": 5210,
                                                                    "is_parallel": true,
                                                                    "self": 0.3562653000000191
                                                                }
                                                            }
                                                        }
                                                    }
                                                }
                                            }
                                        }
                                    }
                                }
                            }
                        }
                    }
                },
                "TrainerController._save_models": {
                    "total": 0.09931869999999776,
                    "count": 1,
                    "self": 0.0019151999999849068,
                    "children": {
                        "RLTrainer._checkpoint": {
                            "total": 0.09740350000001285,
                            "count": 2,
                            "self": 0.09740350000001285
                        }
                    }
                }
            }
        }
    }
}